post_id,comment_id,author,created_utc,body,score,comment_sentiment
1kpoj4o,mszdi9x,Poopin_the_turd,2025-05-18 17:08:16,"GET OFF OF SOCIAL MEDIA, IT HAS BEEN PROVEN TO BE AN ADDICTION THAT IS SPECIFICALLY DESIGNED TO MAKE YOUR MENTAL STATE WORSE.

The irony of saying this on a social media site is not lost on me but even browsing Reddit has become a secondary for me when I'm specifically looking for information and I start scrolling when I shouldn't.",3,-0.2583
1kpoj4o,mszdugj,Bella1643412,2025-05-18 17:10:01,"ROFLOL, social media is included in my job.  So while I would LOVE to, I literally can‚Äôt.",2,0.7349
1kpmou7,msyxcgk,BeforeDDawn,2025-05-18 15:42:41,"I've lost about 17 kg or 37.5lbs in 15 months. Mostly with the help of Ozempic though I did lose an initial 6kg/13 lbs through changing my diet alone in the beginning.

Not quite in remission because I'm still on Ozempic, Metformin and Jardiance but my last hbA1c was 5.6 which is considered a ""normal"" range now?

I don't watch my carb intake closely anymore because I've found that I don't spike as much on most foods anymore after Ozempic. Eating a lot less due to the Ozempic probably contributes to the lower/less spikes.",5,-0.2846
1kpmou7,msyyf5e,GriffTheMiffed,2025-05-18 15:48:22,"I (Type 2) lost 60 lbs in about 3.5 months and stalled pretty hard. I was incredibly disciplined and eased off the gas. I lost a job, bought a house, moved, my first child is due tomorrow, I got a new job, and my old house is almost sold. Now that that there is some regularity in my life, I'm back to my disciplined meal prep and exercise. The child will.... complicate things, but I'm hoping to just follow my meals and get back on the weightloss train. I took my A1C from a 8.5 to a 5.5. I take 2g metformin daily. I eat a lot of beans, sardines, and vegetables. I have massively reduced my red meat intake, and my bloodwork is stellar. The biggest difference I made was exercise and diet. 

  
I was diagnosed after I had started walking more frequently, but decided to dive in and started running. I was horribly slow at first, but ran a half-marathon back in March and plan to keep going. I enjoy the peace of endurance training, though I'm not exactly quick. 

  
I am not in remission. I have to take 2g of a drug every day, and if I miss it my sugars go back up. Diabetes is a lifelong progressive disease. This is the easiest I will have it, and it will be with me forever.",3,0.8975
1kpmou7,msz2ny9,Additional_Air779,2025-05-18 16:10:57,"I wasn't overweight, but still lost 8kg after diagnosis primarily from eating nothing but eggs and salad.  Made absolutely no difference whatsoever.

I'm on Metformin now which has brought my A1C levels down to normal.  Top end of normal, but normal.",3,-0.5322
1kpmou7,msz5mb6,Gym_Nasium,2025-05-18 16:26:43,"I was considered deemed ""Obese"".  5'10"" 225. (Ex-college Athlete) I lost 20 lbs in the first week (55 lbs total) after reducing carbs/sugars in 3 months.  One year later, I've picked up 10 lbs... and prettymuchhave stayed there...

(I'm on Metformin Xr, insulin, and Atorvastatin). I've made zero life changes besides carbs/sugars...  

That being said, I got hit hard by Covid (twice) and almost died the first go round. (Which I only got because I saved a man's life who fainted in front of a lathe that was running and he was about to fall into it so I grabbed him, while myself and 2 other men held him until paramedics arrived because he was shaking)  At the time, fainting was not listed as one of the possible side effects of covid.

Ever since I survived covid,  I have never been the same physically.  Externally and internally...   everyone is different.   Consult your doctor/ endocrinologist.",3,0.024
1kpmou7,msyz2v4,Frigidspinner,2025-05-18 15:51:50,"I was diagnosed at the beginning of April, so I am trying a medication free crash diet/exercise to see how far it can take me.  I was diagnosed with an 8.7 A1C

  
In the 6 weeks since I have lost 23lbs, my waking blood sugar has gone down from a terrifying 210 to about 110, with it falling another 10 once dawn effect wears off. I also got a CGM so I am making a detailed analysis about what I can and can't eat to prevent glucose spikes.

I feel quite mentally sharp with the weight loss, excersise and better diet, but I also am thinking I will need to go onto some medications for this condition (something to lower blood sugar and something to protect my heart) - but it is something for the doctor to decide - I am just saying that my initial belief in ""remission"" is getting frequent reality checks

In the couple of months I have had, I have been using chatGPT as my anxiety advisor, feeding in numbers and asking questions - it beats the 5 minute conversation i was able to squeeze out of my doctor.",1,-0.4917
1kpmou7,msz02ig,Tenletters_Long,2025-05-18 15:57:05,I lost about 70 lbs.  i use about 6x less insulin,1,-0.3182
1kpmou7,msz3nfe,btense42,2025-05-18 16:16:14,"Diagnosed Type 2, 1 year ago. Worked really hard, strict Keto, meds lifestyle change. I have lost a bunch of weight, 8.6 stones, and my A1C went from 11 to 5.6. It hasn't been easy, but worth it!!",1,-0.2343
1kpmou7,msz4mqc,Dibyendu_Deb_Roy,2025-05-18 16:21:27,"I lost 10lbs in last 1.5 months, my hb1ac has come down to 5.4. I don't spike anymore, I have stopped metformin (I was on regular metformin dosage) for a week, ate a lot of carbs, still no spike. I ran a thyroid test, just to be sure it's not because of thyroid, that too came as normal. So my understanding is, the more you stay active and look after your diet and sleep, your sugar levels will eventually go down and at some point you'll be off medications. However, please consult your endocrinologist before taking any such steps.",1,0.2878
1kpmou7,msz4zrr,One-Second2557,2025-05-18 16:23:22,My A1c improved a bit but after some weight loss i still have diabetes. no problem spiking into the 200's.,1,-0.8047
1kpmou7,msza478,Critical_Pangolin79,2025-05-18 16:50:41,"I hit the 50lbs mark this week in terms of weight loss since diagnosis. If I have to rely on my fasting blood sugar, I would say it greatly benefited (went from 180mg/dL to 80-90 mg/dL). I cannot exclude that weight loss also acted as adjuvant to the pharmacological effect of my meds.  
I would say I can even refine my answer in few weeks once I get my A1c. I will have 3 datapoints to start to establish a linear regression of the effect of weight on my A1c level.",1,-0.4468
1kpjbfd,msyo6o4,btense42,2025-05-18 14:53:28,"Diagnosed Type 2, 1 year ago. I have made some big changes, strict Keto and lifestyle change. Meds have been positive, and I've lost a bunch of weight. I hope, I can keep this under control as long as you have. My A1C went from 11, to 5.6. My CGM, was a game changer.",4,0.6369
1kphjn4,msxt8ds,VayaFox,2025-05-18 11:32:57,"You are only taking metformin? At the end of the day? You are supposed to be taking it with food. As a long acting drug it isn't going to lower your blood sugar if you are high at the moment, it works long term to help lower your blood sugar overall. 

How low are you when you are 'low'? Under 4 (72)? If so, being irritated and anxious can be signs of low blood sugar and you need to do a finger prick test to confirm the low, then 15g of fast acting sugar (candy, juice, dex4). Wait 15 minutes and test again. Repeat with another 15g of fast acting sugar until you are back into a normal range. 

You need to make sure that you are testing your blood sugar and act accordingly. Your goal is to have your blood sugar between 4-10 (72-180). And keep in mind that if you had high blood sugar for a long time, your body got used to it, so being at a normal blood sugar range can feel like a low and can take your body time to get used to. 

Please make an appointment to talk to your doc or a diabetic educator.",3,-0.5365
1kphjn4,msy8gtk,JacksMomForever,2025-05-18 13:23:44,Thank you. I take Metformin 2x a day. It is a lot. But I think taking my sugar more frequently would help.,1,0.6903
1kpfmnl,msxqwii,crayfell,2025-05-18 11:12:37,"Farxiga lowers blood sugar by increasing the glucose removed by urine (it increases the amount you pee).

I would assume yeast infection.",2,-0.128
1kpflvb,msxea87,temperedolive,2025-05-18 09:05:48,"If it does happen, don't panic. You'll have been diabetic for less than a year, since you had a check last October. That means it's very unlikely any permanent damage has occurred.

Talk to your doctor about methods for managing it. They'll tell you if they advise starting medication right away or if you might try to control it through diet and exercise first. Even if you start meds, you'll still want to adopt a diabetic diet and begin a program of exercise (assuming you don't already have one).",6,0.1285
1kpflvb,msz42af,Additional_Air779,2025-05-18 16:18:27,"Don't prepare for anything.  People are so different, you can't possibly tell how your journey will be.

Just try not to stress:  modern medicine works wonders.",1,0.3252
1kpflvb,msxf317,B1TCA5H,2025-05-18 09:14:20,"Thank you. 

I exercise on a daily basis, and ride my bicycle to pretty much everywhere within my city. I‚Äôd say I‚Äôm fairly physically active.",2,0.8126
1kpezou,msxg7z1,XxGoddessTrissxX,2025-05-18 09:26:30,Cucumber and hummus or pretzel thins and hummus. Also Lesser Evil popcorn is good.,6,-0.3612
1kpezou,msxa7t7,wradam,2025-05-18 08:22:52,Nuts and various kinds of dried meat/fish. Latter are usually very salted so in moderation.,4,-0.3182
1kpezou,msxdu5p,gayfurry69,2025-05-18 09:01:05,I've come to find a liking for walnuts. They've got pretty low carbs and tastes good,3,0.7717
1kpezou,msxgrh1,Gwynhyfer8888,2025-05-18 09:32:17,Nuts. Boiled eggs.  Bacon and eggs is a possibility.  Puffed rice/corn cakes with a little corn dip or hummus.  Vege crudities.  Looks like apple with peanut butter is going to be a close friend.  Dr said at my 4 week review on Thursday that I could still have a little ice cream and dark chocolate because mine has been caught early.  Small amount of potato crisps.,3,0.5267
1kpezou,msy2428,HoneyWyne,2025-05-18 12:41:34,"Salt and vinegar pistachios, Claussen pickles, hard salami with cream cheese, yogurt (Noosa or homemade), veggies and ranch, high protein low carb cereal, high fiber fruit",3,-0.3612
1kpezou,msxak09,Dave-1066,2025-05-18 08:26:29,"Those small flat tins of mackerel fillets in oil. Lord God I could eat them all day. A dash of salt and that‚Äôs it. 

Or boiled eggs dipped in mayonnaise. 

Or endless gherkins and pickled beetroot. 

Fk it- mackerel between two gherkins with sliced egg and beetroot; a Magherkeggoot.",5,0.2732
1kpezou,msxmsin,prthorsenjr,2025-05-18 10:34:15,"How much water do you drink daily?

So, I am on a new journey to manage my diabetes better. One of my issues is snacking; as we all know, what you snack on directly affects your blood sugar. My goal is 4 litres of water a day. So far, it has been doable, and the results have been amazing. I'm less hungry, and my blood sugar is a lot better. This has also allowed me to snack less.

I hope to keep this up and turn it into a lifelong habit.",2,0.9044
1kpezou,msxon34,LmpG2,2025-05-18 10:52:10,Jocko Chocolate Peanut Butter protein powder with unsweetened Coconut milk!,2,0.0
1kpezou,msyhbmg,_zso2,2025-05-18 14:16:31,Try also protein puddings and zero rice puddings (made by Zott is my favourite). A serving (depends on the taste) is about 10-20g of carbo-hydrate.,1,0.0
1kpezou,mszapz5,Critical_Pangolin79,2025-05-18 16:53:51,"Greek yogurt and sliced strawberries (frozen or fresh, whichever is available and cheaper), is a great snack to me in the evening, after my main dinner. Usually I avoid after 8:00PM.  
Also found out about the ""CarbSmart"" option from Breyers when it comes to ice creams this week. 60 cals, low-carb, much better alternative to the 300+ cals of a cup (measuring cup) of a Blue Bell ice cream.",1,0.7964
1kpdfs5,msxrg38,crayfell,2025-05-18 11:17:29,Yes. Get on the waiting list. Sooner the better.,2,0.6808
1kpdfs5,msy54om,Kathw13,2025-05-18 13:02:09,Follow Partha S Kar on X (Twitter) or LinkedIn.  He is trying to get pumps for all diabetics in the UK.,1,0.0
1kpph97,mszjo12,ProfessionalGeek,2025-05-18 17:39:35,"I am enough.

I am learning and growing.

It's okay to feel what I feel. 

I can handle challenges.

Trying is progress. 

I can be kind to myself.

I am allowed to take up space.

I am working on accepting myself.

Small steps move me forward.

My presence matters.",1,0.8957
1kppfte,mszhy3v,AutoModerator,2025-05-18 17:30:50,"**Hello u/!**

Thank you for using a content warning. 

---
**If you are in immediate crisis:**
- Visit [Find A Helpline](https://findahelpline.com/i/iasp) for local hotline info.
- Check [Hotline FAQs](https://www.reddit.com/r/SuicideWatch/wiki/hotline_faqs/) for guidance.
- Consider posting on r/suicidewatch or messaging their moderators [HERE](http://www.reddit.com/message/compose?to=%2Fr%2FSuicideWatch).

---
**For suicidal thoughts or self-harm:**
- [HelpGuide](https://www.helpguide.org/articles/suicide-prevention/are-you-feeling-suicidal.htm) offers coping tips.
- You are not alone ‚Äì see personal stories on YouTube.
- Practice grounding exercises or listen to your favorite music.
- Refer to [Find A Helpline](https://findahelpline.com/i/iasp) for more resources.

**Take care and stay safe!**


*I am a bot, and this action was performed automatically. Please [contact the moderators of this subreddit](/message/compose/?to=/r/mentalhealth) if you have any questions or concerns.*",1,0.7225
1kppcjk,mszh75z,AutoModerator,2025-05-18 17:27:04,"**Hello u/!**

Thank you for using a content warning. 

---
**If you are in immediate crisis:**
- Visit [Find A Helpline](https://findahelpline.com/i/iasp) for local hotline info.
- Check [Hotline FAQs](https://www.reddit.com/r/SuicideWatch/wiki/hotline_faqs/) for guidance.
- Consider posting on r/suicidewatch or messaging their moderators [HERE](http://www.reddit.com/message/compose?to=%2Fr%2FSuicideWatch).

---
**For suicidal thoughts or self-harm:**
- [HelpGuide](https://www.helpguide.org/articles/suicide-prevention/are-you-feeling-suicidal.htm) offers coping tips.
- You are not alone ‚Äì see personal stories on YouTube.
- Practice grounding exercises or listen to your favorite music.
- Refer to [Find A Helpline](https://findahelpline.com/i/iasp) for more resources.

**Take care and stay safe!**


*I am a bot, and this action was performed automatically. Please [contact the moderators of this subreddit](/message/compose/?to=/r/mentalhealth) if you have any questions or concerns.*",1,0.7225
1kppcjk,mszi3nt,Glittering-Garden212,2025-05-18 17:31:36," Growth Happens in the Struggle-
Every time you push through adversity, no matter how small, you‚Äôre building strength‚Äîmentally, emotionally, and physically. The things that feel impossible today will eventually feel manageable. **Struggle is the place where growth happens** and quitting means you miss out on the opportunity to become the person you‚Äôre meant to be.

You‚Äôve Already Overcome So Much-
Look at everything you‚Äôve already made it through. You‚Äôve survived challenges, faced fears, and made it to this point. **You have proof inside you** that you are capable of overcoming whatever life throws at you. Even when things seem unbearable, remember all the moments you‚Äôve pushed through before. Your strength is already within you, and it will carry you through.",1,0.7783
1kppcjk,mszjrj5,Theaterismylyfe,2025-05-18 17:40:04,"Find something you need to see to completion. Write a novel, start a long-running tv show, start a D&D campaign, find a video game franchise you enjoy. I tend to always be involved in community theatre because ""I can't kill myself until this show is over"" and by the time the show is over, there's a new show I have to wait for. 

Failing that, spite or love of family works pretty well for me.",1,0.9009
1kppcjk,mszkc5s,bhagawanshubham,2025-05-18 17:42:57,"Death.

When Death is guaranteed, why have fear?

Experience this world as much as we can before we have to say GOOD BYE to everything...",1,-0.8109
1kppcjk,mszi20q,Long-Tip-5374,2025-05-18 17:31:23,"Video games. I prepared myself 7 years ago when I was 27 years old for the inevitable coming depression that I knew was coming. I got a good job that pays around $75,000 a year, and I started to save $1000 every two weeks on every check towards a down payment on a house. I was determined to find a house that had a big open room for a basement that I could turn into an amazing game room. I saved $40,000 dollars in just around a year and a half and bought that house and got that game room. This game room helps distract me from the things in life that I don't have, it helps distract me from the social awkwardness that I display around women. When I'm in my game room I'm surrounded by the things that I love, and that helps keep me mentally healthy.",1,0.9678
1kppcjk,mszicjk,Least-Awareness1583,2025-05-18 17:32:52,"There isnt,and that is the point",1,0.0
1kply4j,msysta2,mjh8212,2025-05-18 15:18:25,An MRI can show what is actually wrong. My x rays don‚Äôt show much but on the MRI it shows the problems. I had two failed attempts at physical therapy. I couldn‚Äôt finish sessions due to pain or I had to cancel cause I was in too much pain from the last session. I use heat most of the time. For my back pain management isn‚Äôt offering any treatment cause it‚Äôs arthritis and they say normal wear and tear for my age. My pain clinic is a two hour ride away. Most of my specialists are closer but I‚Äôm rural and this is the last pain clinic available to me. I‚Äôve been through three clinics. My first one said I was fine at my second one I had three pain drs two that quit one after the other in the middle of treatment plans then one who just dismissed my issues so I went to another clinic. It‚Äôs been a long journey but at least I know what‚Äôs wrong.,1,-0.9924
1kpk05m,msy9tzm,wouldnt-you-wish-it,2025-05-18 13:32:23,HELL YEAH!!! CONGRATULATIONS,18,0.3348
1kpk05m,msybgwg,ZenFook,2025-05-18 13:42:34,"Huge congratulations to you!!!

Love thst you chose Neuroscience too. Such a fascinating - and dare I say apt - field of study.",8,0.9411
1kpk05m,msybyel,scarred2112,2025-05-18 13:45:25,Congratulations!,5,0.636
1kpk05m,msydhym,Fancy_Cassowary,2025-05-18 13:54:40,Well done!¬†,5,0.3382
1kpk05m,msye4gl,AlpsOk2282,2025-05-18 13:58:21,Good for you!,4,0.4926
1kpk05m,msykwq9,Few_Hovercraft2855,2025-05-18 14:36:10,Yessss!!! Congratulations!!! Our autoimmune diseases do not define us!!,3,0.7243
1kpk05m,msymg7q,sneakyspacesnake,2025-05-18 14:44:15,LETS GOOOOOOOO! I am so proud of you! Continuing your education and thriving despite chronic illness is such a major achievement :),5,0.87
1kpk05m,msynyq3,planets-align,2025-05-18 14:52:18,Congratulations!! This is so inspiring.,3,0.8442
1kpk05m,msygxim,BirtAndErnie,2025-05-18 14:14:21,This is amazing!!! Congratulations!,2,0.871
1kpk05m,msyklih,scotty3238,2025-05-18 14:34:29,You go girl!,2,0.0
1kpjt8c,msydb3b,Fancy_Cassowary,2025-05-18 13:53:32,"First thing, see a new doctor. Your current one is obviously not taking you two seriously. Two: before you go, keep a journal of what's been happening, ie Thursday 24th May Mum struggled to walk, due to pain in left knee. That sort of thing. Also list her symptoms, and jot down all the questions you want answers to, just so you can be sure you cover everything while you're in there, and don't forget anything. Obviously put her journal of symptoms on a separate page/s, so you can give it to the doctor to peruse, so he has a clear idea of what he may be looking at.


These are things that may aid you a bit. Outside idea, is it possible your mother has sleep apnaea? That would explain the feeling like she's suffocating. I don't know though, it just came to mind.¬†


I'm sorry that you and your mother are going through this, and I hope she finally receives the treatment she needs.¬†",6,0.6519
1kpjt8c,msyi3sj,bcuvorchids,2025-05-18 14:20:49,"The shortness of breath is very concerning. Has she been seen by a cardiologist? She should be. While pain is horrific, heart problems can be life or death and should be pushed to the top of the pile for the investigation.",5,-0.926
1kpjt8c,msyjhyx,Iceprincess1988,2025-05-18 14:28:32,"PM likes to have an official diagnosis before beginning treatment usually. Not that Fibro isn't a diagnosis, but that's what they call it when they can find no other explanation for the pain. See what the orthopedic doctor says. They may be able to give you a diagnosis or refer you to a specialist who can. In my personal experience, PM just treats whatever conditions have already been diagnosed. Not that they CANT diagnose you, i suppose, but they normally just focus on pain treatments.",6,-0.8957
1kpjt8c,msybjxo,TesseractToo,2025-05-18 13:43:03,"Oh that sucks. I call that pain patient hot potato where the treatment is obvious but since they changed the laws and regulations about 15 years ago they can't or won't help so you get put on this really sadistic loop

I'm sorry you and your mom are dealing with this, it's draconian",3,-0.2391
1kpjt8c,msydjgd,Laughorcryliveordie,2025-05-18 13:54:54,"The breathing issues are concerning for lupus, RA, or some kind of connective tissue disease.",3,0.0
1kpjt8c,msysae9,Old-Goat,2025-05-18 15:15:38,"This could be from so many different things, its real hard to say what type of specialist she needs (aside from better doctors). Arthritis is actually an immune system problem but anti inflammatories may be helpful for pain. I dont see a rheumatologist on the list? Just seeing a single specialist sometimes isnt enough. Not all doctors are good at what they do. The best way to sort it out should be multiple opinions. There's a few things that can mess with the body's ""thermostat"", one of the usual suspects is often the thyroid. A bit of bloodwork should tell the tale. Another common issue is also medication side effects. That would be worth checking, theres lots of on line interaction checkers.

Im not too sure about the wisdom of waiting a month to see a doctor, or seeing an orthopedic for a breathing problem. Oxygen levels are a big deal, since oxygen calms you down. Low oxygen levels can often mean high adrenaline levels. Not helpful for trying to sleep or relax. 

What kind of tests did all these doctors run? You should have a nice little bundle of test results and medical notes. Read them. Find out what it all means. If youre going to pay all these doctors, they should at least answer any questions you have...",1,0.9368
1kpjt8c,msyulj7,mjh8212,2025-05-18 15:27:59,I have fibro and osteoarthritis. For the osteoarthritis in my hips and knees I see an orthopedic. I get injections to help. The shortness of breath is concerning and I would suggest a rheumatologist to check for anything like lupus or RA. They do bloodwork to check for inflammation markers. With fibro I do have costochondritis it‚Äôs inflammation in the sternum and ribs the sharp pain can often leave me struggling to breathe but that isn‚Äôt constant like your mom. Something else is going on.,1,0.4019
1kpjt8c,msyyho8,opiumfreenow,2025-05-18 15:48:44,"Lot of good comments here, but wondering, Is your mother taking any meds that may suppress her breathing? Opioids or benzos? They could be exacerbating her breathing issues.",1,0.3204
1kpjt8c,msz47nf,Jsmitts28,2025-05-18 16:19:14,"Chronic pain wreaks havoc on the mind. Especially after being in it for so long. Outside of you...does she have support? As in other who can reach her?

Opiates did work wonders for me...but that is a dangerous road. Short term only.",1,-0.8343
1kpjt8c,msz4clw,Competitive_Air_6006,2025-05-18 16:19:58,"Did she ever see a physical therapist after her knee and hip replacement?  Did she see a physical therapist after her fibromyalgia diagnosis?  That is a very important part of care.

What sort of basic movement does she get daily?  While pain makes you not want to move, not moving can cause other pain.",1,-0.4712
1kpi84e,msyn6vw,One-Subject-1173,2025-05-18 14:48:09,That sounds like what I have complex regional pain syndrome,1,-0.2023
1kpi0xw,msxv9mj,Iceprincess1988,2025-05-18 11:49:45,Opiates/opiods,11,0.0
1kpi0xw,msyvrbi,Jsmitts28,2025-05-18 15:34:10,"Spinal fusion. After ALL conservative methods failed. And I mean I tried EVERYthing. 

I STOPPED reading all the horror stories online and realized the overwhelming majority are out living their lives and not posting online.",4,-0.8636
1kpi0xw,msyczvw,IndividualK101,2025-05-18 13:51:41,"I didn‚Äôt try all the procedures that were offered to me. The last one‚ÄîI read a lot about it‚Äîand at best, it would have provided only three months of relief. The risks were high, and given my history of failed surgeries, it wasn‚Äôt a gamble I was willing to take.

What shocked me the most was the disbelief on the doctor‚Äôs face when I explained that, considering my medical record, the odds were against me. Three months of partial comfort‚Äîand then what? The same procedure, over and over again...

The only remedy that truly works for me is my husband‚Äîhis strength, his patience, the warmth of his gaze, his encouragement, and his tenderness.",3,0.936
1kpi0xw,msyzpqq,Embryw,2025-05-18 15:55:12,"I did PT, chiropractor, and over the counter remedies. Nothing touched my pain. The chiro was basically a scam who wanted me to sign up for an expensive treatment plan that didn't work (don't trust chiros), the head therapist at my PT place asked me what the point was of me continuing PT if it wasn't helping after 6 weeks (a great thing to say to someone who is desperately trying to tell themselves that physical change takes time and not to lose hope), and had to limit my use of OTC pain pills else I'd risk ulcers. Also had to stop using my heating pad to sleep every night because I was starting to develop hot water bottle syndrome. 

After all that, I was finally able to see a surgeon, and he fused me. Recovery was rough, but ever since then it's like I finally have my life back. 

Yes I still have some daily pain, but it's PEANUTS compared to what I was living with on a daily basis before. I went from being hopelessly in agonizing pain to the point I was considering exit strategies, to having a life worth living again.",3,0.7699
1kpi0xw,msy5vmj,StaciRainbow,2025-05-18 13:07:03,"Nerve block injections +opioids+making sure I move every day.

That keeps my pain in the 3-7 range on the pain scale, which is where I can manage to function a bit better.",2,-0.6486
1kpi0xw,msywtwn,mjh8212,2025-05-18 15:39:57,Heat and my husband got me one of those pregnancy pillows. I‚Äôm not pregnant but I tend to sleep on my stomach the support from the pillow keeps me on my side and supports my back and I can put it between my knees which have arthritis. I‚Äôve slept really good since I‚Äôve got it.,2,0.902
1kpi0xw,mszcgpz,Comprehensive-Taro90,2025-05-18 17:02:55,"Opioids.  I‚Äôve had surgery,  done PT, home exercises, other medications, dry needling. My opioids provide the most relief.",1,0.5256
1kpi0xw,msxzm3v,catsigrump,2025-05-18 12:23:26,"I've tried it all, and this is the only thing that eases the pain enough to be out of bed.",3,-0.25
1kpi0xw,msyy25h,Fearless_Cricket3944,2025-05-18 15:46:28,"I've tried everything under the sun and the best things were: Oxymorphone, methadone, ketamine, and heat. Not all together though, lol. Been dealing with chronic mid to upper back pain for 19 years after many car accidents and injuries. Neck pain has gotten bad over the last 7 years as well.",2,-0.5106
1kpi0xw,msykpx3,questiontoask1234,2025-05-18 14:35:09,"What was the procedure?   I had a hip injection that was supposed to last three months; it lasted three days  I refused another, but the rheumatologist didn't seem particularly surprised by the decision.  I wonder why your doc was so amazed.   An expectation that everyone is so desperate they'll try and risk everything?  Over and over?",2,-0.531
1kpf5la,msxcs42,Duckrauhl,2025-05-18 08:50:00,One time my brother unexpectedly brought me over a pizza for dinner so I wouldn't have to cook for myself when he knew I was having a bad pain day.,2,-0.7783
1kpf5la,msxwqvw,Able_Hat_2055,2025-05-18 12:01:30,"I just wish they would understand that just because I look ok, or I sound just fine, that I‚Äôm still in a lot of pain! It‚Äôs like the second we talk about anything else, they blank about how badly I‚Äôm hurting at any given time. I just wish they would understand.",1,0.2714
1kpf5la,msxofrj,oatmilk_fan,2025-05-18 10:50:16,That‚Äôs so sweet!,2,0.5551
1kpfmr0,msxdti5,AutoModerator,2025-05-18 09:00:54,"# Post Form Checks as replies to this comment

### For best results, please follow the **[Form Check Guidelines](https://www.reddit.com/r/Fitness/wiki/posting_guidelines#wiki_how_to_post_a_form_check)**.  *Help us help you.*

----


*I am a bot, and this action was performed automatically. Please [contact the moderators of this subreddit](/message/compose/?to=/r/Fitness) if you have any questions or concerns.*",1,0.8885
1kpfmr0,msxo0ot,[deleted],2025-05-18 10:46:18,[removed],2,0.0
1kpfmr0,msxfsbh,bezzo_101,2025-05-18 09:21:50,"Update on trying to bulk - tracked 3250 calories for a week and‚Ä¶ lost 0.1lb on trend weight. Can 1 week tracking weight every day really fluctuate so much to fully mask a trend, or is my maintenance just very very high?",1,-0.3182
1kpfmr0,msxhgkb,[deleted],2025-05-18 09:39:47,[removed],1,0.0
1kpfmr0,msxroqa,Diligent_Guess6960,2025-05-18 11:19:37,does doing easy ten minute exercise videos like the following that gets my heart pumping but isn‚Äôt necessarily a big workout actually do anything for health? https://youtu.be/3J4EJ9G2q9E?si=Nt9HosMC64D7BLPo,1,0.4696
1kpfmr0,msxzq6n,fycROMAN,2025-05-18 12:24:16,"I've only been lifting and doing research for the last month so any advice on my at home DUMBBELL and bench routine would be amazing! 5 days a week I do this routine. I get close to failure most sets but always the last set and lots of stretching.

Incline Bench Press x4 sets (8-12 reps a set)

Seated Overhead Press x4

Bent Over One Arm Row x4

Chest Fly x4

Lateral Raises x4

Triceps Extensions x4

Shrugs x4

Lunges x4

Bulgarian Split Squats x4

Incline Bicep curls x4

Deficit Push ups x1 to finish

34 male, 5'11"", 170lbs, generally good shape but I'm trying to get my upper body all as jacked as possible. I like this routine because I can see myself doing it consistently.

I feel like I've tried most exercises and these are the ones I feel most comfortable with, at least pushing close to failure. I want to add skull-crushers and squats but don't feel quite ready yet. 

What would y'all add if it was you? Or maybe would you change up the order? Any big or small muscle groups I might not be hitting is my biggest concern. Thank y'all so much, sorry for the long post!",1,0.8181
1kpfmr0,msy665g,Ucrocks,2025-05-18 13:08:56,"Can anyone critique my routine?  
BW: 80KG, Height: 184cm  
Goal: Bulk/lean muscle gain to 85.



# UPPER-1 (Chest/Shoulders/Triceps)

* **Main:** Bench Press 3√ó3+ (55kg, 62.5kg, 70kg)
* **Volume:** Bench BBB 5√ó8-10 (47.5kg)
* **Accessories:** Close-Grip Bench 4√ó8-12, Incline DB Press 3√ó5-8, Chest Fly 3√ó8-15
* **Added Work:** T-Bar Row 3√ó10-12, Lateral Raise 3√ó8-12, Cable Triceps 3√ó8-15

# LOWER-1 (Quad/Glute Focus)

* **Main:** Goblet Squat 4√ó10-12 (20-25kg)
* **Volume:** Leg Extension 4√ó10-12, Leg Press 3√ó8-12 (120-140kg)
* **Accessories:** Bulgarian Split Squat 4√ó8-12, RDL 4√ó12, Hip Thrust 4√ó12
* **Finishing:** Smith Calf Raise 4√ó15

# UPPER-2 (Back/Shoulders/Biceps)

* **Main:** Overhead Press 3√ó3+ (35kg, 40kg, 45kg)
* **Volume:** OHP BBB 5√ó8-10 (30kg)
* **Back Work:** Lat Pulldown 4√ó8-12, DB Incline Row 4√ó10-12, Pull-Ups 3√ó8
* **Accessories:** Face Pull 4√ó12-15, Rear Delt Fly 4√ó12-15, Cable Biceps 3√ó9-12

# LOWER-2 (Posterior Chain Focus)

* **Main:** Trap-Bar Deadlift 3√ó3+ (90kg, 102.5kg, 115kg)
* **Volume:** Deadlift BBB 5√ó8-10 (80kg)
* **Leg Work:** Leg Press 4√ó12, Lying Leg Curl 4√ó8-10
* **Accessories:** Cable Pull-Through 3√ó12-15, Hip Thrust 4√ó12
* **Finishing:** Seated Calf Raise 4√ó15, Plank 2√ó1.5-2min",-1,0.0
1kpfmr0,msz3i2h,Fitness-ModTeam,2025-05-18 16:15:27,This has been removed in violation of [Rule #2 - Posts Must Be Specific to Physical Fitness and Promote Useful Discussion](https://www.reddit.com/r/Fitness/wiki/rules/rule2).,1,0.5267
1kpfmr0,msxj0qy,RKS180,2025-05-18 09:56:03,"Weigh can definitely fluctuate a lot. I've had mine go up or down by 2-3 pounds overnight. But my TDEE is around 3700 right now, so I'd lose weight at 3250.

Go by your weight trend, not by the number of calories other people need. Even if your number seems high, there are people who need more than you (or me).",1,-0.5836
1kpfmr0,msxw7zc,CursedFrogurt81,2025-05-18 11:57:23,"When you say tracked, I assume you mean weighed and measured everything?  How long have you been bulking for?  What is your height and weight?  Have you not previously been tracking weight every day?

Weight fluctuates quite a bit, and I wouldn't worry about one week.  If everything is accurate, you are short about 350 calories per day.  But there are a lot of factors that could be at play.  If you've recently switched from a cut to a bulk you may experience an increase in NEAT that would offset a potion of your surplus as an example.  But I don't know enough about your situation.",1,0.9035
1kpfmlt,msy4gr1,solaya2180,2025-05-18 12:57:45,"I was squatting today when I overheard this guy say to his girlfriend, ""Look how she's squatting, that's how you're supposed to do it,"" and he started explaining my form and what I was doing. I'm gonna be riding that high for days",16,0.0
1kpfmlt,msy7ygg,NotABot1235,2025-05-18 13:20:29,"Officially hit 40 lbs down this week.

More to go but I'm no longer a giant fat ass.",12,-0.8201
1kpfmlt,msxkiq0,Lovelocke,2025-05-18 10:11:19,"I've been back in the gym for just over a year and have been doing weight machines, alongside cardio. I don't know why but I've been nervous about going into the free weights area. 

This week I finally went in. Did bench press for the first time in over 16 years. Also used dumbells for triceps, biceps, and shoulders, on different days.

Next week I'm going to add squat to leg day.",10,0.4215
1kpfmlt,msxzu0e,DCB2323,2025-05-18 12:25:02,"Just attended NY Pro for the first time and wow, it‚Äôs an amazing event. My wife competed and I am so proud of her.  Being backstage was incredible, Nick Walker, Regan Grimes, Natalia Coehlo and on and on.  

We‚Äôre having a big breakfast and had a blowout dinner last night but back to the gym in Monday and I can‚Äôt wait.",9,0.6999
1kpfmlt,msy20bn,G01denW01f11,2025-05-18 12:40:50,"I think I've finally broken my fast food habit. The urges still come, especially with all the options between the gym and my house. But if I really think about it, I'd legitimately rather go home and have real food. 

  
Also doing sets of 40 now, which is very not fun",5,-0.7202
1kpfmlt,msxo8rj,Patton370,2025-05-18 10:48:24,"I‚Äôm going to be become a dad either today or tomorrow 

I hope she likes the home gym when she gets older!",11,0.7177
1kpfmlt,msxlfbn,GingerBraum,2025-05-18 10:20:34,"After having shitty workouts in the beginning of the week, I ended the week with new PRs on squat and OHP.",4,-0.5574
1kpfmlt,msxhs7z,Expensive_Code_4742,2025-05-18 09:43:14,"Officially lost 10kg from my heaviest, in a very non-linear 3 year journey. The last week I've taken up tracking macros, and I've been pretty consistent with tracking and sticking to the plan.",3,0.2263
1kpfmlt,msy404e,CursedFrogurt81,2025-05-18 12:54:36,"Currently running a modified MED program.  Started the week adding 10lbs to my squat 9.5 RPE single.  Then, at the end of the week, I was able to pull last weeks deadlift 9.5 for a double.  Following a very discouraging week the week before, it was a much needed boost.",3,-0.1263
1kpfmlt,msz023r,Ruby__Ruby_Roo,2025-05-18 15:57:01,"This week I had the game winning goal with 35 seconds left on the clock in my hockey match, and I had a new deadlift PR of 210 lbs. I'm a 45 yr old female.",5,0.5267
1koolhc,msrlgu1,AutoModerator,2025-05-17 09:00:52,"# Post Form Checks as replies to this comment

### For best results, please follow the **[Form Check Guidelines](https://www.reddit.com/r/Fitness/wiki/posting_guidelines#wiki_how_to_post_a_form_check)**.  *Help us help you.*

----


*I am a bot, and this action was performed automatically. Please [contact the moderators of this subreddit](/message/compose/?to=/r/Fitness) if you have any questions or concerns.*",1,0.8885
1koolhc,msuka4h,yungl11nk,2025-05-17 20:26:49,"Has anyone ran a 5k before and started when you were out of shape? I have a personal goal of mine to run a 5k for a charity organization that is near and dear to me, but I don't get much exercise. I'd like to start training now since the run is in November and I just want to overall get healthier. Any advice? I have looked up a lot of posts on here + online but wanted some different opinions on best way to start. I am not 100% out of shape but definitely am currently overweight. I do work a job where I walk around and go up and down stairs a lot but I average about 7-10k steps a day depending.",3,0.9308
1koolhc,mss0ivh,[deleted],2025-05-17 11:30:58,[removed],2,0.0
1koolhc,msrrazl,[deleted],2025-05-17 10:03:58,[removed],1,0.0
1koolhc,msrs98w,[deleted],2025-05-17 10:13:50,[deleted],1,0.0
1koolhc,mss9mag,[deleted],2025-05-17 12:40:44,[removed],1,0.0
1koolhc,mssg4rw,baeck101,2025-05-17 13:24:40,"I do like the reddit/metallicdpa PPL, I just find the sessions a bit too long for a PPL routine. Has anyone tried shortening it? I‚Äôm thinking of just doing 3x5 for the main lifts, and trimming out some of the volume like chest supported incline rows & 3 sets of lateral raises from push day.

I‚Äôm also thinking of running it as a PPLUL routine instead, moving the pull deadlift day to the 2nd legs day, and running the upper day with OHP 3x5 at the start (bench stays on push day) & doing a vertical pull, horizontal push & pull, lateral raises, bicep and tricep isolation. Does this sound like a bad idea?",1,0.4515
1koolhc,msshogz,[deleted],2025-05-17 13:34:39,[removed],1,0.0
1koolhc,mssocpr,Potential_Roof6207,2025-05-17 14:15:28,"hello !!!

recently ive been seeing a lot of videos on people slipping their discs / injuring their back etc and i REALLYYY want to avoid this. i saw this frequently with barbell RDL so now i only do dumbell / smith but with lower weight. i wanted to know if its also possible to injure yourself during hacksquat / legpress if your form is correct? i try to train till failure so maybe towards my last reps my form isnt the best etc, seen people use lifting belts - is this necessary / recommended?",1,-0.923
1koolhc,mst1tam,cecsav,2025-05-17 15:29:58,"I‚Äôve been running (okay, run-walking) for about five weeks and would like to incorporate running specific strength training and stretching. I used to lift regularly on an upper/lower split. Is that good enough to improve my running? Or should I look for a different plan? What stretches should I be doing before/after my run-walks? 

Details: I run-walk using an interval training program for 30 minutes every other day. I‚Äôm up to running for 90 second intervals with 60 second walk breaks. I also walk for about an hour on in-between days. I‚Äôm 45f, 5‚Äô4‚Äù and about 200 pounds. My goals are to lose fat and to eventually run a 10k without walking. 

Thank you!!",1,0.8322
1kon46q,msrqlo3,FrogLickr,2025-05-17 09:56:39,"I've been a lifelong fat fuck and recently lost over 80kg in the last few years, now down to my final 10kg to shed. I've been at the gym and walking every day for about 6 months now, and it's become a new addiction ever since I first noticed changes to my physique and ability to walk for longer than 15 minutes before getting tired.¬†


I don't have any crazy stories to tell, just wanted to get it out there that I finally managed to stick to a fitness pledge for long enough to actually form new automatic habits and find genuine enjoyment in working out now that it doesn't feel impossible.


EDIT: I love how supportive the fitness community is. Thanks guys :D",127,0.941
1kon46q,msrm67k,Formal-Win-7619,2025-05-17 09:08:34,"When I was a beginner, I walked into the gym, spotted a fancy-looking machine I‚Äôd never seen before. No labels. No instructions. Just two handles, a seat, and what looked like foot pedals from a spaceship.

I sat down, adjusted everything like I knew what I was doing (you know, gym ego), and started pushing and pulling in random directions. A guy next to me finally leaned over and said, ‚ÄúHey, man‚Ä¶ that‚Äôs the janitor‚Äôs cart docking station.‚Äù

I nodded, got up slowly, and pretended to check my imaginary clipboard like I was inspecting it‚Ä¶ then walked away to the real lat pulldown machine.

Never sat on anything unlabeled again.",119,0.851
1kon46q,mst4ign,drewdaro,2025-05-17 15:44:25,"Went for three plates on squat, heard something tear, luckily it was just my boxers.",34,0.5106
1kon46q,mssas9j,NotSmokey,2025-05-17 12:48:49,The gym buddy is back after a month off while recovering from surgery.  Everything feels right again :),20,0.4588
1kon46q,mstmft0,lasersandwich,2025-05-17 17:20:49,I lifted more today than I could last time üëç,23,0.0
1kon46q,msryupy,Difficult-Writer5790,2025-05-17 11:16:43,"I‚Äôm 168cm, 45kg,looks skinny.but carrying a soft little belly I usually hide pretty well. I‚Äôve never been into gyms, but my boyfriend(husband now) is a hardcore gym bro (7-year, never misses a day), and I decided to start going with him so we‚Äôd have more shared interests.

I wore a tight workout set that day. And while it fit fine everywhere else,only made my belly look‚Ä¶ unusually round.when I started doing sit-ups on a mat. I noticed a guy behind m watching m with a strange expression. And then---------------  
A girl nearby asked with genuine concern:‚ÄúOh my god‚Ä¶ are you pregnant??‚Äù  
I froze.And replied,‚ÄúNot currently.‚Äù  
She immediately looked mortified, apologized, and bolted.

Meanwhile, my boyfriend had been watching this whole scene‚Äîwas laughing so hard he almost dropped his dumbbells.He did not stop laughing the entire way home.

I figured it was probably a combo of two things:  
1.I was hyper-fixated on my belly and constantly adjusting or sucking in,probably made me look suspiciously.  
[2.My](http://2.My) boyfriend wouldn‚Äôt leave my side because I‚Äôm beginner, which may have given off serious ‚Äúsupportive baby daddy‚Äù vibes.",36,0.9673
1kon46q,mssthvb,TheUpbeatCrow,2025-05-17 14:44:32,"So I've been active for a long time. It started with yoga ten or so years ago, then it morphed into hiking and weightlifting. Now lifting is all I want to do. It's my very favorite thing. 

Well guess what? Had to go see a PT yesterday for a shoulder issue, and it turns out my mobility is woefully, laughably bad. She had me try a Turkish get-up, and friends. Friends. That was the world's most pathetic attempt that has ever been seen. I think I looked like a marionette with broken strings controlled by a duck, or something. 

It's funny how one can be damn strong and pretty tight and stiff at the same time. I should have realized. 

In any case, I'm glad I caught it, and now I have something new to work on, I guess. Don't neglect mobility training, kids.",15,0.9494
1kon46q,msrvpzv,AlarmingControl2103,2025-05-17 10:48:22,"I frequently visited a local gym, just kind of trying to move more. I'm not in good shape and not by any means pretty (my close friends say i have a good personality, my husband just says he loves me). This big guy, my age (40 at the time) was lifting weights near me. He was that kind of very strong, built like a barrel guy. We had exercised at the samw time several times.

Guys, he winked at me. I'm a strong feminist dont interact with strangers married woman. I have carried that wink in my soul, cherishing it, for 15 years now.",42,0.9592
1kon46q,mss60fn,Active-Champion3301,2025-05-17 12:14:27,As an employee of my local Y I was doing sit-ups on a Gymnic ball. The Y‚Äôs new CEO walked in. I slipped off the ball and it shot across the floor the barely missing him. He looked my way and I gave a little smile and wave as he sent it back to me.,13,0.0772
1kon46q,mssgehn,CursedFrogurt81,2025-05-17 13:26:26,"I would think at this point I would have seen it all.  But this week I beheld something I had not yet been privileged to witness.  A young gentleman was benching flat on an incline bench.  Now, this was not his intention, nor do I think he was aware of it.  At the start of his set, he would fully extend his hips, and his torso would be parallel to the ground with only his upper back touching the bench.  I wanted to tell him, I thought his two workout buddies would tell him. There are regular benches available if that is the excersize he is trying to achieve.

People's lack of proprioception in the gym continues to confound me.",13,-0.5528
1knw7h9,mslfb8k,AutoModerator,2025-05-16 09:00:53,"# Post Form Checks as replies to this comment

### For best results, please follow the **[Form Check Guidelines](https://www.reddit.com/r/Fitness/wiki/posting_guidelines#wiki_how_to_post_a_form_check)**.  *Help us help you.*

----


*I am a bot, and this action was performed automatically. Please [contact the moderators of this subreddit](/message/compose/?to=/r/Fitness) if you have any questions or concerns.*",1,0.8885
1knw7h9,mslhh1p,reducedandconfused,2025-05-16 09:23:35,I‚Äôm curious why as a woman who‚Äôs been training for 4 years with strong legs I can‚Äôt do a pistol squat but my skinny boyfriend who never trains can do one at first attempt? Like it isn‚Äôt a goal of mine but I was still frustrated. Does this reflect negatively on my progress?,2,0.6715
1knw7h9,msmmdk5,deductivebeehive,2025-05-16 14:10:13,"Cutting right now and going way under a 500 calories per day deficit, like 1000 per day or sometimes even more. I‚Äôm lifting every other day and am still lifting the same amounts as before (maybe a tiny bit less). Am I crazy? It sucks but I just want to get cutting over with and I am losing weight super quickly.",2,-0.0387
1knw7h9,msm22qm,CursedFrogurt81,2025-05-16 12:12:33,Looking for recommendations on Farmers Walk handles.  The office I work in have a long concrete driveway where I would be using them.  If that makes a difference.  Not sure on a brand or even a design as far as top loading versus the barbell style.,1,-0.0418
1knw7h9,msn29i6,[deleted],2025-05-16 15:28:41,[removed],1,0.0
1knw7h9,msna6sw,smthamazing,2025-05-16 16:06:52,"Hi! I'm a woman in my late 30s, physically very weak. I've been doing resistance bands and other strength workouts for the past few months, and while I like some progress there, I'm curious about the optimal rest duration between reps and sets.

When I'm doing an exercise, my arms or legs often give up after as few as 3 reps on the lightest band I could find. I just physically cannot do more - not because it's painful, but because my muscles just ""stop working"" after a certain point. It takes 2-3 minutes before I can do the next set, and up to 15-20 minutes for full recovery without feeling any discomfort.

However, if I do a set of 3 and then rest for 20-30 minutes, I don't feel any muscle tiredness _at all_. I can do another set, feeling as good as new, but each time my muscles give up after a few reps.

In theory I could literally exercise for the whole day by doing 30-minute rests, but I've never seen this suggested anywhere. All sources seem to recommend a single good workout with relatively short (less than 5 minutes) breaks between sets.

So, is there any point in doing very short sets throughout the day with lots of rest in between? Or do they not bring much value beyond the first one, where I do as many repetitions as I can?

Thanks!",1,0.9669
1knw7h9,msnluqz,koenigsaurus,2025-05-16 17:03:37,"So this might be a weird question but idk where else to post it:

Does anyone else only start sweating *after* your workout is finished? I enjoy all kinds of cardio, primarily running and basketball. But I‚Äôve always had an issue where during the workout, I barely sweat at all. I‚Äôve had coaches in my youth try to run me ragged until I started to sweat because they thought I wasn‚Äôt working hard enough. But it just doesn‚Äôt happen.

But when I‚Äôm finished with the workout, the floodgates open and I start dripping sweat everywhere. This goes on for 20ish minutes or until I start working out again. So I end up not being cool enough during the workout when I need the sweat, and having to wait a long time after I‚Äôm finished before I can clean up.

I‚Äôm wondering if there‚Äôs anyway I can ‚Äútrain‚Äù my body to sweat during activity instead of after it.",1,0.5936
1knw7h9,msnwpyb,[deleted],2025-05-16 17:56:24,[removed],1,0.0
1knw7h9,mso2zua,[deleted],2025-05-16 18:28:00,[deleted],1,0.0
1knw7h9,mso5xhf,[deleted],2025-05-16 18:42:59,[deleted],1,0.0
1knw7bi,mso9d6m,doughnut_cat,2025-05-16 19:00:18,"https://imgur.com/XpLGlcV  

38 200lbs 5'9""
finishing long growth, got about 8 weeks left before we cut. sitting at 13% bf.",11,0.128
1knw7bi,msluepq,damnuncanny,2025-05-16 11:18:26,"[M21, 176, 76](https://imgur.com/a/mY9TYO3) still cutting, took a nice back pump pic yesterday tho. Year and a half into lifting currently",10,0.3182
1knw7bi,msme37a,Reptarbourgeoisfreak,2025-05-16 13:25:22,"[Feeling great, thinking of continuing current path until end of June and re-evaluating.](https://imgur.com/a/WdL7CBL) Never had visible abs, think it could be time. Need to do more v-ups but overall happy with gains.",8,0.8934
1knw7bi,mso7at7,ytrpobtr,2025-05-16 18:49:54,"10 months in the gym, (5 bulk, 1 maintenance, 4 cut). Definitely learned a lot and can‚Äôt wait for the next 10 (best lesson I‚Äôve learned is to not take the bulk too far lol, cutting has sucked).

https://imgur.com/gallery/10-months-gym-5-bulk-1-maintain-4-cut-offtBFN",7,0.6124
1knw7bi,msn4tai,OkPhotojournalist405,2025-05-16 15:40:53,"M24 6'1 148.6lbs as of this morning. I'm at the end of my 7th week in the gym, down from 197lbs and never doing anything active. [What should I focus on the most?](https://imgur.com/a/jFdG0Xe)

Edit: Current split since day 1 is PPL 2x a week each, so 6 days in the gym (about 1.5 hour sessions) and 1 rest day. I don't do cardio because I get over 20k steps a day at work. On a mainly lean protein based diet",7,-0.3089
1knw7bi,msnk2py,Traintoeat,2025-05-16 16:55:00,"https://imgur.com/gallery/scTCBdd

6ft, 86 KG / 190 lbs/, 32y/o

Cutting since February, got mega fat in winter so I'm feeling alot better now being leaner.

Think I'll continue for 2 weeks and then maintain through summer!!

Can't let myself get that fat again, i hate cutting lol",5,-0.3412
1knw7bi,mslpibo,lard-tits,2025-05-16 10:39:39,"[current status](https://imgur.com/a/D05UDUw). 30M, 144.6lbs as of this morning. I think im closer to 142 since ive increased 2lbs in 2 days. My goal is to get to 149-150lbs.",8,0.2732
1knw7bi,msrojsn,Formal-Win-7619,2025-05-17 09:34:46,"Abs are peekin‚Äô, delts are squeakin‚Äô, but my calves still think it‚Äôs leg day once a month. Progress, not perfection!",3,-0.1504
1knw7bi,mslskjv,[deleted],2025-05-16 11:04:15,[removed],3,0.0
1knw7bi,msoawjh,AlienLuggage,2025-05-16 19:08:10,"i love that this thread focuses on actual progress instead of just numbers. like, a six pack looks cool but feeling strong and healthy matters way more. what‚Äôs one muscle group you‚Äôve been surprised how fast it‚Äôs improved?",2,0.9694
1kn3kbv,msf2uo6,AutoModerator,2025-05-15 09:00:52,"# Post Form Checks as replies to this comment

### For best results, please follow the **[Form Check Guidelines](https://www.reddit.com/r/Fitness/wiki/posting_guidelines#wiki_how_to_post_a_form_check)**.  *Help us help you.*

----


*I am a bot, and this action was performed automatically. Please [contact the moderators of this subreddit](/message/compose/?to=/r/Fitness) if you have any questions or concerns.*",1,0.8885
1kn3kbv,msgzjln,overlyheavyhorns,2025-05-15 16:17:07,"is it normal to never feel your chest when doing chest movements? i always have my shoulders and triceps on fire but never my chest, even with slow eccentric and pauses. my chest is my weakest muscle tbh and i feel like it's cause im not really working it.",6,-0.4404
1kn3kbv,msiipd2,Alaric_Silvertongue,2025-05-15 20:45:46,"Recently got my pullups to 3x10 bodyweight and starting doing weighted pullups. I've been working up to 3x10 at a weight (only up to 5kg addition). My recent sets were 10/10/8. Couple of gym friends think I'm wasting time and that if I'm hitting 8+ each set I should just increase weight. Is that worth doing? My main sport is rock climbing so string back muscles are very useful, but so is the ability to do a decent number of reps lol.",2,0.8977
1kn3kbv,msob3op,AlienLuggage,2025-05-16 19:09:11,"thanks for setting this up, it‚Äôs super helpful! quick question ‚Äî what‚Äôs a good way to stay motivated on days when you just don‚Äôt feel like working out? anyone else struggle with that?",2,0.9464
1kn3kbv,msf998v,[deleted],2025-05-15 10:06:11,[removed],1,0.0
1kn3kbv,msfpx5u,bezzo_101,2025-05-15 12:15:16,"I posted in r/gainit but no one responded so I‚Äôll copy it to here

So I‚Äôve always been pretty skinny and I am wanting to bulk. I am 21 male 141 lb 5‚Äô11 and new to lifting. I have been bulking since the start of april but started tracking calories a few days ago. Calculators and apps have my tdee pretty low like 2500 but ai thinks 2700-2800 based on being fairly active (walk 1hr per day, lift 5 times per week, cardio other 2 days). If I find it easy to get 3200 does this mean my real maintenance is high? I am gonna track weight while getting 3200 and use macrofactor to get a new tdee estimate but if I dont gain doing this then something seems weird lol. I am vegan as well and get about 140g protein per day. The last 3 days I tracked 3200 but I haven‚Äôt gained (and lost since day 1 lmao) but it could just be random fluctuations",1,0.9508
1kn3kbv,msfq4za,pizzthethird,2025-05-15 12:16:41,"My upper chest is decent but my lower chest is still soft and kinda saggy, I checked for gyno but it wants gyno it‚Äôs fat, can I target it better at the gym while cutting to make it looks better? What exercises can I do? I suck at dips btw.",1,0.168
1kn3kbv,msfqm00,FinalSun6862,2025-05-15 12:19:45,"Do you stretch or walk slow before speed walking? And how to establish the right speed?

I recently added walking in the park to my fitness routine and am enjoying it. But should I be stretching beforehand? Is there a certain length of time I should just be walking at a normal pace before picking up my speed for cardio? Like, does intentional fast walking require any warmup like other exercises?

For context: 

I‚Äôm sedentary for most of the work day. But when I walk, even running errands, And noticed that I felt a bit of tension in my lower back, more on the right side, as I did my speed walking. I felt the burn on my thighs and calves which is good but the tension in my lower back, I couldn‚Äôt tell if it was due to being tense or maybe I was walking too fast, just felt a bit odd.",1,-0.2869
1kn3kbv,msfqpty,[deleted],2025-05-15 12:20:25,[removed],1,0.0
1kn3kbv,msfqrwd,caped_crusader8,2025-05-15 12:20:47,How many reps should  you typically be able to  do before you up the weight ? I'm asking regarding mostly chest. I'm a beginner with just over 4 months of training.,1,0.0
1kn3k6o,msh2xmh,istasber,2025-05-15 16:34:00,"I'm a good ways into an aggressive weight loss (down to about 20% body fat from around 30% to begin with, started late february), and it's gone so smooth for me compared to previous diets that I feel like I should share what's worked in case it will help other people.

Obviously a successful diet is a personal thing, different things will work better or worse for different people, but the big change I made this time around was to think about diet from a weekly calorie budget instead of a daily one. Days that I go to the gym, I budget in a bunch of sugar before my workout and a big meal afterwards, on days I lounge around at home, I eat very little.

Doing this, I've managed to stick to a pretty regular routine, haven't really needed to adjust calorie intake or eating habits as I lose weight, and haven't suffered from any nasty diet side effects like grumpiness, hunger pains or loss of energy/strength. An added bonus is that I have a couple of back to back near fasting days, and weighing myself at the end of that stretch makes it much easier to track progress. Surprisingly, my body weight varies by 3-4% over the course of the week between the effects of the gym, fiber intake, sodium intake, carb intake, etc, it'd be really easy to lose the around 1% body weight loss I'm achieving per week in that noise if I didn't have that regular weekly reset.",9,0.9124
1kn3k6o,msfagfr,alotmorealots,2025-05-15 10:17:21,"Very, very minor tip that still added a nice little bonus to my existence: don't pour out any water that's gathered in your high-protein yogurt, instead gently stir it back in and then lightly whip it through with your spoon.

 For the brands I buy, at least, this gives it a smooth, mousse like consistency that's very pleasant! I even sometimes add a tiny bit of water to get the same effect if the yogurt is a bit thicker than I like.

Also, on a cut, swapping out your normal sized spoon for a teaspoon can be quite fun, makes it feel like you have so much food because it fills up the spoon and takes longer to eat. This possibly only works if you have quite a simple brain, but it works for me lol",20,0.937
1kn3k6o,mskbx22,AccomplishedHippo180,2025-05-16 03:08:27,"If you‚Äôre lifting anything heavy, use chalk for grip. Gloves mess with bar feel and don‚Äôt prevent calluses anyway.",5,-0.34
1kn3k6o,mskws0h,Strong_Zeus_32,2025-05-16 05:53:05,"Don‚Äôt Just Warm Up‚ÄîPrime.

If you‚Äôre still treating your warm-up like 5 minutes on a treadmill and a few arm circles, you‚Äôre missing out.

A good warm-up does more than raise your heart rate‚Äîit prepares your joints, muscles, and nervous system to perform.

Try this 4-step warm-up flow before your main lift:

Target a tight area with 30 seconds of foam rolling or a lacrosse ball

Stretch that area with 15‚Äì30 seconds of static stretching

Add a dynamic movement for 10‚Äì15 reps (e.g., leg swings, band pull-aparts)

Do 2‚Äì3 ramp-up sets of your main lift, increasing load and speed each time

Takes 5‚Äì7 minutes and drastically improves how you feel under the bar. Less stiffness, better positions, and more confidence when things get heavy.",2,0.9276
1kn3k6o,msl0bda,AccomplishedHippo180,2025-05-16 06:26:22,"Don‚Äôt overlook cables.They offer consistent resistance through the range of motion. Great for hypertrophy and joint-friendly.

Smith machine isn‚Äôt evil:.Use it for tempo-controlled squats or split squats if stability is limiting you more than strength.

Weight belts are tools, not cheats.Use one only when you‚Äôre pushing above 80‚Äì85% of your max. And know how to brace properly.",1,0.8214
1kn3k6o,msokd7n,roomandcoke,2025-05-16 19:56:45,"This may only work for some, but I found what got me to be the most consistent was following a 5 day a week program.


On 3 or 4 days/week, I would ""not feel like it today"" and then I'd end up with as many days left in my program as there were days in the week. And then something would come up over the weekend and I wouldn't complete the week's plan.¬†


With 5 days, I need to proactively plan out my week. Oh, something going on on Wednesday and Sunday, so I need to make sure I don't miss any other opportunity. There's no room for ""I don't feel like it"" Every day I can, I need to make count.",1,0.048
1kn3k6o,msob8wl,AlienLuggage,2025-05-16 19:09:55,"love this idea! honestly, keeping a water bottle nearby has saved me more times than i can count. what‚Äôs one thing you wish you knew when you first started working out?",1,0.9184
1kn3k6o,mskpaus,WonderfulMemory3697,2025-05-16 04:47:30,"Start with abs. Get it over with at the very beginning, then treat yourself with the fun part (lifting!).",-3,0.7619
1kn3k6o,msoxfa0,screechdiddy,2025-05-16 21:03:01,Torn labrum and smith machines help me so much now that I‚Äôve been able to do chest and shoulders again. Gets me out of my head and able to focus on form and slowing down my reps,1,0.1779
1kn3k6o,msrgcii,Most-Individual-3895,2025-05-17 08:05:29,"Ab work is largely useless. Don't bother, just do compounds.",2,-0.1935
1kmai8l,ms8sxw4,Paced_Out,2025-05-14 10:01:27,"I was doing db curls and this guy comes up and points at the dbs I'm using. I tell him I have one more set but he can use it now while I rest. He then starts flapping his arms and points at me now. Apparently he didn't speak the languague, nor English and he asked for a spot on lateral raises. I mean... I'm all for spotting people on bench or whatever but on lateral raises? Bit of an awkward position to spot a stranger.

Anyway first rep in and he is grunting loud, after 3 reps he cant even do half reps no more. Now he is grunting/shouting to get me to spot. Yeah, no. After 5 reps he fails and let the dbs fall. He signals with hand gestures that I should've spot him. I told him that he should drop the weight and point to the smaller dbs. He gets mad and takes off. 

Some people just do whatever.",51,-0.8765
1kmai8l,ms8zue2,NotSmokey,2025-05-14 11:02:04,"Scraped someone's car in the gym car park - horrible start to the day and $500 poorer for it.¬† I'm sure the other guys day was ruined too.


And then when I finally got into the gym, my water bottle had leaked all the way through and I had to cut my workout short due to a back strain.


Some days it feels like the world is just telling you to go to bed and hit the reset button.¬† Gonna eat my feelings and have some pancakes tonight.",45,-0.836
1kmai8l,ms8omz8,stine_2308,2025-05-14 09:18:03,"I hate men who think they don't have to put their weight plates away, and then when you confront them, they say, ""What? You can't do 20 kg on the bench press per side plus the bar? I thought everyone could do that."" No! Not everyone can do that, and especially not a woman who's two feet shorter than you!",46,-0.8198
1kmai8l,ms9yxt1,Cousin_Eddies_RV,2025-05-14 14:34:50,"The YMCA I've been going to just won't prioritize cleaning the gym. Got ringworm back in February, sick multiple times this winter, dirt/trash on the floor for multiple days, and now the floor under the urinals has been super sticky and gross for 2+ weeks. I complain to management each time but I think I need to cut my losses and drive further for a cleaner gym.",23,-0.7684
1kmai8l,msc1t0y,saltwaterfishes,2025-05-14 20:36:07,"my diet hasnt been the best and def have a little bit of a layer of fluff round the middle, but after a lot of hard work ive successfully gotten my 6-pack back visible for summertime. or so i thought. showed off to my wife and she goes ""oh, there must be really bad lighting"" FML",21,-0.5681
1kmai8l,ms98jbc,Kick_in_the_Yarbles,2025-05-14 12:05:07,"Let's just call this a pre-rant on something I'm pretty sure is going to happen. I've been going to Anytime Fitness for a couple of years now. Love the place. Has everything I need and it's never too crowded when I go. About six months ago Planet Fitness opened a new location about 500 yards from my gym. I've noticed my gym getting less and less populated. People I used to see every day are no longer around, especially the younger crowd. We got a flyer in the mail from Planet Fitness and it sounds like they have more amenities and better rates than Anytime Fitness, which is great, but it's pulling members from Anytime and I'm pretty sure my gym is going to shut down before the end of the year. The parking lot at Planet Fitness is always packed and I'm not looking forward to fighting the crowd.",20,0.9583
1kmai8l,msboxh5,Ok-Arugula6057,2025-05-14 19:32:03,"Forgot my headphones. Again.

The gym opened up nice and sharp a few minutes before 6am, and I was warming up thinking ‚Äúit‚Äôs not so bad in here without headphones‚Äù. A minutes later 6am hit and the music came on.

Bleugh.",18,0.7896
1kmai8l,msdbzec,ogreblood,2025-05-15 00:49:39,"The gym has only one pull-up assist machine. There are handgrips EVERYWHERE to do standard pull-ups. If you don't need the assist function, don't use the machine!",20,0.0
1kmai8l,ms8py3m,PlanetOfVisions,2025-05-14 09:31:44,This may be TMI but I don't really like to go to the gym on my period because I feel like I'm extra smelly. No amount of washing takes away my self consciousness. I went today and I was so worried that I cut my workout short (I also wasn't feeling well),19,-0.9493
1kmai8l,msftn20,siobhanmairii__,2025-05-15 12:38:53,"The sweaty gross older guy who refuses to clean his sweat after using machines is still not cleaning up after himself. Even after talking to management. I think this is like the 4th or 5th time they‚Äôve had to talk to him. 

Last week I caught him not wiping down the leg extension. Only because I wanted to use it next. 

I said, ‚Äúhey are you done?‚Äù He says ‚Äúyeah‚Äù then I was like, ‚Äúwell would you mind cleaning up after yourself?‚Äù He rudely brushed me off and says ‚Äú*you* clean it up‚Äù. üò≥

I talked to someone at the front desk again after this interaction. Completely disgusting and disrespectful. 

I‚Äôm guessing I need to start going a little bit earlier. Or go to another YMCA. Which sucks because this one is less than a mile away from home. I am so tired of this guy.",18,-0.8017
1kmai7b,ms8mzzl,AutoModerator,2025-05-14 09:00:39,"# Post Form Checks as replies to this comment

### For best results, please follow the **[Form Check Guidelines](https://www.reddit.com/r/Fitness/wiki/posting_guidelines#wiki_how_to_post_a_form_check)**.  *Help us help you.*

----


*I am a bot, and this action was performed automatically. Please [contact the moderators of this subreddit](/message/compose/?to=/r/Fitness) if you have any questions or concerns.*",1,0.8885
1kmai7b,mscduef,P3n1sD1cK,2025-05-14 21:37:07,"I'm right handed so this just seems really weird to me. When squatting, benching, curling, doing shoulders. I feel like I feel my left side of my body, left arm, left leg, left bicep, etc working harder (i.e. has more power) than my right side. 

I'm very new to all of this only trying to get started a few days ago but it just seems weird. 

I'll be using a mirror in the gym and attempting to concentrate on form, etc but I can tell that it's seemingly easier for my left arm for example to push when benching, to the point that my right arm is visibly lower to my spotter. 

What can I do to work on being more balanced so my body is in sync with itself.",2,-0.0864
1kmai7b,ms9zswd,IcyComfortable6787,2025-05-14 14:39:07,"Are dumbbell sets like [this](https://www.ebay.co.uk/itm/256913866344?_skw=dumbbell+adjustable&itmmeta=01JV7K8ABNNPY4FJWJST8M49WG&hash=item3bd1427e68%3Ag%3ATzUAAOSw4FVoEzlG&itmprp=enc%3AAQAKAAAA0FkggFvd1GGDu0w3yXCmi1dOsyT6DKkzuNhPa2%2BzioGvJq2Y%2BpLuqxiCydF9rN2b%2BpGdrquE7opzVTLkyNR30323bAy%2ByGLV3Bu81RRQM3IVe%2BNT6JvdZHBhApdq6yGZBAtTKqHbz4uCV340pTQRPj5ims9ulCSiCcnj2i378jeeSKvy%2FxUPc6M94WxGJP39TkufKChBggw309qcHbEuSx44TLF%2Fa9XK%2BJzHihmwhGapDvMUsimdLrG2u%2Bv%2FJTeL%2BuXYPzv%2F8t9cNeatydLn5N0%3D%7Ctkp%3ABk9SR_ylofPZZQ&keyword=dumbbell+adjustable&sacat=0&relatedSearch=true&var=557477480025) any good? If so, is the 40KG set or the 50KG set better? I'd assume 50 normally but the 40 set has mroe variety in the weights available.

Thanks.",2,0.8243
1kmai7b,ms8p4ts,Confused4Dayzz,2025-05-14 09:23:13,"I've started training twice a day fore the last two months, only taking Sundays as rest days. Cardio 5K in the morning, walk and jog, and weightlifting / abs in the evenings (pull,push,legs,shoulders, arms). Saturday only cardio, and sunday complete rest. Is this enough rest? I don't feel more fatigued than I should, but online training programs and google searches say that I should be resting more. Would love to know if I should be cutting down or if it's possible to sustain this long term.",1,0.796
1kmai7b,ms8yer4,Over_Key_6494,2025-05-14 10:50:37,"Hoping someone could help me so I don't have to post a whole thread about this: I'm newish to weight training. I've had a few PT sessions in the past so know enough to work out at home now.

I just started working out again (its been years) and I'm noticing that every now and then my body finds a workout weird. 2 noticeable ones:

1. Dumbbell Bicep Curls; My left arm feels something weird when doing these. Its as if I have a tendon or vein that's in the way, and it gets pushed around when I do the curls. Not hugely painful, but uncomfortable and it feels like I might pull something if I push too hard. The feeling is at the bottom right (of my left forearm). Is this something that's common? What should I do? (Hammer curls feel much better. Right arm is fine with both. Left arm isn't weaker, I can still do about the same amount of reps.)
2. Dumbbell Lateral Raise: My shoulders crack/pop a bit when doing this. I pushed myself once and got a huge stiff neck right after. So I've been taking it easy with this.

Just curious if these kinds of things are common and what the workarounds are. Maybe its simple and I'm just not warming up enough, or maybe I should just avoid these trainings or whatever.",1,0.94
1kmai7b,ms9cbbn,Hicesias,2025-05-14 12:29:40,For those of you who like to workout first thing in the morning - how do you deal with being achy or not fully alert first thing in the morning? Thank you,1,0.4395
1kmai7b,ms9edyk,[deleted],2025-05-14 12:42:35,[removed],1,0.0
1kmai7b,msadn4u,[deleted],2025-05-14 15:46:02,[removed],1,0.0
1kmai7b,msb5s5i,BuffHelpy859,2025-05-14 17:59:07,"Hello, I want everyone to give opinions on my workout and how to make it better. You can give me advice about sets, reps, the plan, excersises and much more.

----------------------------------------------------------------------------------

**Shoulder - Tricep - Chest Day**


Chest flys (3x12)

Chest press (3x12)

Shoulder press (3x12)

Tricep push down (3x12)

Dumbell extension (3x12)

Seated Calf Raise (3x15)

----------------------------------------------------------------------------------

**Bicep - Back Day**


Lat pull down (3x12)

Arm Curl (3x12)

Asisted pull ups (3x12)

Bicep curls (3x12)

ALT bicep curls (3x12)

Seated Calf Raise (3x15)

---------------------------------------------------------------------------------- 

**Leg Day**


Leg extensions (3x12)

Seated leg curl (3x12)

Hip adduction (3x12)

Hip abduction (3x12)

Seated leg press (3x15)

Seated Calf Raise (3x15)

----------------------------------------------------------------------------------

Any advice will help.",1,0.2732
1kmai7b,mscx2kt,ChimmyMama,2025-05-14 23:23:33,Does it matter if im eating 150g protein in a 2-3 hour window after working out? Works for my schedule but have read that my body doesnt absorb it properly.,1,0.0129
